{"accuracy": [0.7126436829566956, 0.37931033968925476, 0.7701149582862854, 0.7701149582862854, 0.6206896305084229, 0.6781609058380127, 0.7701149582862854, 0.8505747318267822, 0.8620689511299133, 0.954023003578186], "loss": [20.370014190673828, 27.469209671020508, 17.414085388183594, 11.720208168029785, 3.9974899291992188, 1.769591212272644, 2.051156520843506, 0.7370783686637878, 0.5506367087364197, 0.12576116621494293], "val_accuracy": [0.3877550959587097, 0.6122449040412903, 0.6122449040412903, 0.6122449040412903, 0.3877550959587097, 0.6122449040412903, 0.6122449040412903, 0.6734693646430969, 0.6530612111091614, 0.918367326259613], "val_loss": [36.215206146240234, 28.921606063842773, 23.728343963623047, 5.789121150970459, 4.9590630531311035, 2.4606783390045166, 2.3272697925567627, 0.8649131059646606, 1.2802993059158325, 0.23781700432300568]}